{
  "homebrew_version": "4.4.31",
  "used_options": [

  ],
  "unused_options": [

  ],
  "built_as_bottle": true,
  "poured_from_bottle": true,
  "loaded_from_api": true,
  "installed_as_dependency": false,
  "installed_on_request": true,
  "changed_files": [

  ],
  "time": 1745585094,
  "source_modified_time": 1744731059,
  "compiler": "clang",
  "aliases": [

  ],
  "runtime_dependencies": [

  ],
  "source": {
    "spec": "stable",
    "versions": {
      "stable": "0.59.1",
      "head": null,
      "version_scheme": 0
    },
    "path": "/Users/edyuto/Library/Caches/Homebrew/api/formula.jws.json",
    "tap_git_head": null,
    "tap": "homebrew/core"
  },
  "arch": "arm64",
  "built_on": {
    "os": "Macintosh",
    "os_version": "macOS 15",
    "cpu_family": "dunno",
    "xcode": "16.2",
    "clt": "16.2.0.0.1.1733547573",
    "preferred_perl": "5.34"
  }
}