{
  "SPDXID": "SPDXRef-DOCUMENT",
  "spdxVersion": "SPDX-2.3",
  "name": "SBOM-SPDX-swiftlint-0.59.1",
  "creationInfo": {
    "created": "2025-04-25T12:44:54Z",
    "creators": [
      "Tool: https://github.com/Homebrew/brew@4.4.23"
    ]
  },
  "dataLicense": "CC0-1.0",
  "documentNamespace": "https://formulae.brew.sh/spdx/swiftlint-0.59.1.json",
  "documentDescribes": [
    "SPDXRef-Archive-swiftlint-src",
    "SPDXRef-Compiler",
    "SPDXRef-Bottle-swiftlint"
  ],
  "files": [

  ],
  "packages": [
    {
      "SPDXID": "SPDXRef-Archive-swiftlint-src",
      "name": "swiftlint",
      "versionInfo": "0.59.1",
      "filesAnalyzed": false,
      "licenseDeclared": "NOASSERTION",
      "builtDate": "2025-04-15 15:30:59 UTC",
      "licenseConcluded": "MIT",
      "downloadLocation": "https://github.com/realm/SwiftLint.git",
      "copyrightText": "NOASSERTION",
      "externalRefs": [

      ],
      "checksums": [
        {
          "algorithm": "SHA256",
          "checksumValue": ""
        }
      ]
    },
    {
      "SPDXID": "SPDXRef-Compiler",
      "name": "clang",
      "versionInfo": "16.2",
      "filesAnalyzed": false,
      "licenseDeclared": "NOASSERTION",
      "licenseConcluded": "NOASSERTION",
      "copyrightText": "NOASSERTION",
      "downloadLocation": "NOASSERTION",
      "checksums": [

      ],
      "externalRefs": [

      ]
    },
    {
      "SPDXID": "SPDXRef-Bottle-swiftlint",
      "name": "swiftlint",
      "versionInfo": "0.59.1",
      "filesAnalyzed": false,
      "licenseDeclared": "NOASSERTION",
      "builtDate": "2025-04-15 15:30:59 UTC",
      "licenseConcluded": "MIT",
      "downloadLocation": "https://ghcr.io/v2/homebrew/core/swiftlint/blobs/sha256:c3f41f4287ee4a4a74a2f38628f30774e6857405c48f0e3832aaa630d13d4cb7",
      "copyrightText": "NOASSERTION",
      "externalRefs": [
        {
          "referenceCategory": "PACKAGE-MANAGER",
          "referenceLocator": "pkg:brew/homebrew/core/swiftlint@0.59.1",
          "referenceType": "purl"
        }
      ],
      "checksums": [
        {
          "algorithm": "SHA256",
          "checksumValue": "c3f41f4287ee4a4a74a2f38628f30774e6857405c48f0e3832aaa630d13d4cb7"
        }
      ]
    }
  ],
  "relationships": [
    {
      "spdxElementId": "SPDXRef-File-swiftlint",
      "relationshipType": "PACKAGE_OF",
      "relatedSpdxElement": "SPDXRef-Archive-swiftlint-src"
    },
    {
      "spdxElementId": "SPDXRef-Compiler",
      "relationshipType": "BUILD_TOOL_OF",
      "relatedSpdxElement": "SPDXRef-Package-swiftlint-src"
    }
  ]
}